<?xml version="1.0" encoding="UTF-8"?><process version="9.0.002">
  <context>
    <input/>
    <output/>
    <macros/>
  </context>
  <operator activated="true" class="process" compatibility="9.0.002" expanded="true" name="Process">
    <parameter key="logverbosity" value="init"/>
    <parameter key="random_seed" value="2001"/>
    <parameter key="send_mail" value="never"/>
    <parameter key="notification_email" value=""/>
    <parameter key="process_duration_for_mail" value="30"/>
    <parameter key="encoding" value="SYSTEM"/>
    <process expanded="true">
      <operator activated="true" class="retrieve" compatibility="9.0.002" expanded="true" height="68" name="Retrieve AutoMpg_question1" width="90" x="179" y="34">
        <parameter key="repository_entry" value="//Local Repository/data/AutoMpg_question1"/>
      </operator>
      <operator activated="true" class="replace_missing_values" compatibility="9.0.002" expanded="true" height="103" name="Replace Missing Values (2)" width="90" x="313" y="34">
        <parameter key="return_preprocessing_model" value="false"/>
        <parameter key="create_view" value="false"/>
        <parameter key="attribute_filter_type" value="single"/>
        <parameter key="attribute" value="origin"/>
        <parameter key="attributes" value=""/>
        <parameter key="use_except_expression" value="false"/>
        <parameter key="value_type" value="attribute_value"/>
        <parameter key="use_value_type_exception" value="false"/>
        <parameter key="except_value_type" value="time"/>
        <parameter key="block_type" value="attribute_block"/>
        <parameter key="use_block_type_exception" value="false"/>
        <parameter key="except_block_type" value="value_matrix_row_start"/>
        <parameter key="invert_selection" value="false"/>
        <parameter key="include_special_attributes" value="false"/>
        <parameter key="default" value="minimum"/>
        <list key="columns"/>
      </operator>
      <operator activated="true" class="replace_missing_values" compatibility="9.0.002" expanded="true" height="103" name="Replace Missing Values" width="90" x="581" y="34">
        <parameter key="return_preprocessing_model" value="false"/>
        <parameter key="create_view" value="false"/>
        <parameter key="attribute_filter_type" value="single"/>
        <parameter key="attribute" value="horsepower"/>
        <parameter key="attributes" value=""/>
        <parameter key="use_except_expression" value="false"/>
        <parameter key="value_type" value="attribute_value"/>
        <parameter key="use_value_type_exception" value="false"/>
        <parameter key="except_value_type" value="time"/>
        <parameter key="block_type" value="attribute_block"/>
        <parameter key="use_block_type_exception" value="false"/>
        <parameter key="except_block_type" value="value_matrix_row_start"/>
        <parameter key="invert_selection" value="false"/>
        <parameter key="include_special_attributes" value="false"/>
        <parameter key="default" value="average"/>
        <list key="columns"/>
      </operator>
      <operator activated="true" class="write_excel" compatibility="9.0.002" expanded="true" height="82" name="Write Excel" width="90" x="782" y="34">
        <parameter key="excel_file" value="D:/AutoMpg question1 answer.xls"/>
        <parameter key="file_format" value="xlsx"/>
        <parameter key="encoding" value="SYSTEM"/>
        <parameter key="sheet_name" value="RapidMiner Data"/>
        <parameter key="date_format" value="yyyy-MM-dd HH:mm:ss"/>
        <parameter key="number_format" value="#.0"/>
      </operator>
      <connect from_op="Retrieve AutoMpg_question1" from_port="output" to_op="Replace Missing Values (2)" to_port="example set input"/>
      <connect from_op="Replace Missing Values (2)" from_port="example set output" to_op="Replace Missing Values" to_port="example set input"/>
      <connect from_op="Replace Missing Values" from_port="example set output" to_op="Write Excel" to_port="input"/>
      <connect from_op="Write Excel" from_port="through" to_port="result 1"/>
      <portSpacing port="source_input 1" spacing="0"/>
      <portSpacing port="sink_result 1" spacing="0"/>
      <portSpacing port="sink_result 2" spacing="0"/>
    </process>
  </operator>
</process>
