<?xml version="1.0" encoding="UTF-8"?><process version="9.0.002">
  <context>
    <input/>
    <output/>
    <macros/>
  </context>
  <operator activated="true" class="process" compatibility="9.0.002" expanded="true" name="Process">
    <parameter key="logverbosity" value="init"/>
    <parameter key="random_seed" value="2001"/>
    <parameter key="send_mail" value="never"/>
    <parameter key="notification_email" value=""/>
    <parameter key="process_duration_for_mail" value="30"/>
    <parameter key="encoding" value="SYSTEM"/>
    <process expanded="true">
      <operator activated="true" class="retrieve" compatibility="9.0.002" expanded="true" height="68" name="Retrieve AutoMpg_question2_b" width="90" x="112" y="187">
        <parameter key="repository_entry" value="//Local Repository/data/AutoMpg_question2_b"/>
      </operator>
      <operator activated="true" class="retrieve" compatibility="9.0.002" expanded="true" height="68" name="Retrieve AutoMpg_question2_a" width="90" x="45" y="34">
        <parameter key="repository_entry" value="//Local Repository/data/AutoMpg_question2_a"/>
      </operator>
      <operator activated="true" class="generate_attributes" compatibility="9.0.002" expanded="true" height="82" name="Generate Attributes" width="90" x="313" y="34">
        <list key="function_descriptions">
          <parameter key="other" value="1"/>
        </list>
        <parameter key="keep_all" value="true"/>
      </operator>
      <operator activated="true" class="rename" compatibility="9.0.002" expanded="true" height="82" name="Rename" width="90" x="313" y="136">
        <parameter key="old_name" value="name"/>
        <parameter key="new_name" value="car name"/>
        <list key="rename_additional_attributes"/>
      </operator>
      <operator activated="true" class="append" compatibility="9.0.002" expanded="true" height="103" name="Append" width="90" x="514" y="34">
        <parameter key="datamanagement" value="double_array"/>
        <parameter key="data_management" value="auto"/>
        <parameter key="merge_type" value="all"/>
      </operator>
      <operator activated="true" class="write_excel" compatibility="9.0.002" expanded="true" height="82" name="Write Excel" width="90" x="715" y="34">
        <parameter key="excel_file" value="D:/AutoMpg question2 answer.xls"/>
        <parameter key="file_format" value="xlsx"/>
        <parameter key="encoding" value="SYSTEM"/>
        <parameter key="sheet_name" value="RapidMiner Data"/>
        <parameter key="date_format" value="yyyy-MM-dd HH:mm:ss"/>
        <parameter key="number_format" value="#.0"/>
      </operator>
      <connect from_op="Retrieve AutoMpg_question2_b" from_port="output" to_op="Rename" to_port="example set input"/>
      <connect from_op="Retrieve AutoMpg_question2_a" from_port="output" to_op="Generate Attributes" to_port="example set input"/>
      <connect from_op="Generate Attributes" from_port="example set output" to_op="Append" to_port="example set 1"/>
      <connect from_op="Rename" from_port="example set output" to_op="Append" to_port="example set 2"/>
      <connect from_op="Append" from_port="merged set" to_op="Write Excel" to_port="input"/>
      <connect from_op="Write Excel" from_port="through" to_port="result 1"/>
      <portSpacing port="source_input 1" spacing="0"/>
      <portSpacing port="sink_result 1" spacing="0"/>
      <portSpacing port="sink_result 2" spacing="0"/>
    </process>
  </operator>
</process>
