<?xml version="1.0" encoding="UTF-8"?><process version="9.0.002">
  <context>
    <input/>
    <output/>
    <macros/>
  </context>
  <operator activated="true" class="process" compatibility="9.0.002" expanded="true" name="Process">
    <parameter key="logverbosity" value="init"/>
    <parameter key="random_seed" value="2001"/>
    <parameter key="send_mail" value="never"/>
    <parameter key="notification_email" value=""/>
    <parameter key="process_duration_for_mail" value="30"/>
    <parameter key="encoding" value="SYSTEM"/>
    <process expanded="true">
      <operator activated="true" class="retrieve" compatibility="9.0.002" expanded="true" height="68" name="Retrieve SensorData_question3" width="90" x="45" y="34">
        <parameter key="repository_entry" value="//Local Repository/data/SensorData_question3"/>
      </operator>
      <operator activated="true" class="generate_copy" compatibility="9.0.002" expanded="true" height="82" name="Generate Copy" width="90" x="179" y="34">
        <parameter key="attribute_name" value="Input3"/>
        <parameter key="new_name" value="Original Input3"/>
      </operator>
      <operator activated="true" class="generate_copy" compatibility="9.0.002" expanded="true" height="82" name="Generate Copy (2)" width="90" x="313" y="34">
        <parameter key="attribute_name" value="Input12"/>
        <parameter key="new_name" value="Original input 12"/>
      </operator>
      <operator activated="true" class="normalize" compatibility="9.0.002" expanded="true" height="103" name="Normalize" width="90" x="447" y="34">
        <parameter key="return_preprocessing_model" value="false"/>
        <parameter key="create_view" value="false"/>
        <parameter key="attribute_filter_type" value="single"/>
        <parameter key="attribute" value="Input3"/>
        <parameter key="attributes" value=""/>
        <parameter key="use_except_expression" value="false"/>
        <parameter key="value_type" value="numeric"/>
        <parameter key="use_value_type_exception" value="false"/>
        <parameter key="except_value_type" value="real"/>
        <parameter key="block_type" value="value_series"/>
        <parameter key="use_block_type_exception" value="false"/>
        <parameter key="except_block_type" value="value_series_end"/>
        <parameter key="invert_selection" value="false"/>
        <parameter key="include_special_attributes" value="false"/>
        <parameter key="method" value="Z-transformation"/>
        <parameter key="min" value="0.0"/>
        <parameter key="max" value="1.0"/>
        <parameter key="allow_negative_values" value="false"/>
      </operator>
      <operator activated="true" class="normalize" compatibility="9.0.002" expanded="true" height="103" name="Normalize (2)" width="90" x="581" y="34">
        <parameter key="return_preprocessing_model" value="false"/>
        <parameter key="create_view" value="false"/>
        <parameter key="attribute_filter_type" value="single"/>
        <parameter key="attribute" value="Input12"/>
        <parameter key="attributes" value=""/>
        <parameter key="use_except_expression" value="false"/>
        <parameter key="value_type" value="numeric"/>
        <parameter key="use_value_type_exception" value="false"/>
        <parameter key="except_value_type" value="real"/>
        <parameter key="block_type" value="value_series"/>
        <parameter key="use_block_type_exception" value="false"/>
        <parameter key="except_block_type" value="value_series_end"/>
        <parameter key="invert_selection" value="false"/>
        <parameter key="include_special_attributes" value="false"/>
        <parameter key="method" value="range transformation"/>
        <parameter key="min" value="0.0"/>
        <parameter key="max" value="1.0"/>
        <parameter key="allow_negative_values" value="false"/>
      </operator>
      <operator activated="true" class="generate_attributes" compatibility="9.0.002" expanded="true" height="82" name="Generate Attributes" width="90" x="715" y="34">
        <list key="function_descriptions">
          <parameter key="Average Input" value="avg(Input1,Input2,Input3,Input4,Input5,Input6,Input7,Input8,Input9,[Input10 ],[Input11 ],Input12)"/>
        </list>
        <parameter key="keep_all" value="true"/>
      </operator>
      <operator activated="true" class="write_excel" compatibility="9.0.002" expanded="true" height="82" name="Write Excel" width="90" x="849" y="34">
        <parameter key="excel_file" value="D:/SensorData question3 answer.xls"/>
        <parameter key="file_format" value="xlsx"/>
        <parameter key="encoding" value="SYSTEM"/>
        <parameter key="sheet_name" value="RapidMiner Data"/>
        <parameter key="date_format" value="yyyy-MM-dd HH:mm:ss"/>
        <parameter key="number_format" value="#.0000"/>
      </operator>
      <connect from_op="Retrieve SensorData_question3" from_port="output" to_op="Generate Copy" to_port="example set input"/>
      <connect from_op="Generate Copy" from_port="example set output" to_op="Generate Copy (2)" to_port="example set input"/>
      <connect from_op="Generate Copy (2)" from_port="example set output" to_op="Normalize" to_port="example set input"/>
      <connect from_op="Normalize" from_port="example set output" to_op="Normalize (2)" to_port="example set input"/>
      <connect from_op="Normalize (2)" from_port="example set output" to_op="Generate Attributes" to_port="example set input"/>
      <connect from_op="Generate Attributes" from_port="example set output" to_op="Write Excel" to_port="input"/>
      <connect from_op="Write Excel" from_port="through" to_port="result 1"/>
      <portSpacing port="source_input 1" spacing="0"/>
      <portSpacing port="sink_result 1" spacing="0"/>
      <portSpacing port="sink_result 2" spacing="0"/>
    </process>
  </operator>
</process>
