<?xml version="1.0" encoding="UTF-8"?><process version="9.0.002">
  <context>
    <input/>
    <output/>
    <macros/>
  </context>
  <operator activated="true" class="process" compatibility="9.0.002" expanded="true" name="Process">
    <parameter key="logverbosity" value="init"/>
    <parameter key="random_seed" value="2001"/>
    <parameter key="send_mail" value="never"/>
    <parameter key="notification_email" value=""/>
    <parameter key="process_duration_for_mail" value="30"/>
    <parameter key="encoding" value="SYSTEM"/>
    <process expanded="true">
      <operator activated="true" class="retrieve" compatibility="9.0.002" expanded="true" height="68" name="Retrieve DNAData_question4" width="90" x="45" y="34">
        <parameter key="repository_entry" value="//Local Repository/data/DNAData_question4"/>
      </operator>
      <operator activated="true" class="principal_component_analysis" compatibility="9.0.002" expanded="true" height="103" name="PCA" width="90" x="179" y="34">
        <parameter key="dimensionality_reduction" value="keep variance"/>
        <parameter key="variance_threshold" value="0.95"/>
        <parameter key="number_of_components" value="1"/>
      </operator>
      <operator activated="true" class="discretize_by_frequency" compatibility="9.0.002" expanded="true" height="103" name="Discretize" width="90" x="380" y="34">
        <parameter key="return_preprocessing_model" value="false"/>
        <parameter key="create_view" value="false"/>
        <parameter key="attribute_filter_type" value="all"/>
        <parameter key="attribute" value=""/>
        <parameter key="attributes" value=""/>
        <parameter key="use_except_expression" value="false"/>
        <parameter key="value_type" value="numeric"/>
        <parameter key="use_value_type_exception" value="false"/>
        <parameter key="except_value_type" value="real"/>
        <parameter key="block_type" value="value_series"/>
        <parameter key="use_block_type_exception" value="false"/>
        <parameter key="except_block_type" value="value_series_end"/>
        <parameter key="invert_selection" value="false"/>
        <parameter key="include_special_attributes" value="false"/>
        <parameter key="use_sqrt_of_examples" value="false"/>
        <parameter key="number_of_bins" value="10"/>
        <parameter key="range_name_type" value="long"/>
        <parameter key="automatic_number_of_digits" value="true"/>
        <parameter key="number_of_digits" value="-1"/>
      </operator>
      <operator activated="true" class="write_excel" compatibility="9.0.002" expanded="true" height="82" name="Write Excel" width="90" x="581" y="34">
        <parameter key="excel_file" value="D:/DNAData question4 equalfrequency.xls"/>
        <parameter key="file_format" value="xlsx"/>
        <parameter key="encoding" value="SYSTEM"/>
        <parameter key="sheet_name" value="RapidMiner Data"/>
        <parameter key="date_format" value="yyyy-MM-dd HH:mm:ss"/>
        <parameter key="number_format" value="#.0"/>
      </operator>
      <connect from_op="Retrieve DNAData_question4" from_port="output" to_op="PCA" to_port="example set input"/>
      <connect from_op="PCA" from_port="example set output" to_op="Discretize" to_port="example set input"/>
      <connect from_op="Discretize" from_port="example set output" to_op="Write Excel" to_port="input"/>
      <connect from_op="Write Excel" from_port="through" to_port="result 1"/>
      <portSpacing port="source_input 1" spacing="0"/>
      <portSpacing port="sink_result 1" spacing="0"/>
      <portSpacing port="sink_result 2" spacing="0"/>
    </process>
  </operator>
</process>
