<?xml version="1.0" encoding="UTF-8"?><process version="9.0.003">
  <context>
    <input/>
    <output/>
    <macros/>
  </context>
  <operator activated="true" class="process" compatibility="9.0.003" expanded="true" name="Process">
    <parameter key="logverbosity" value="init"/>
    <parameter key="random_seed" value="2001"/>
    <parameter key="send_mail" value="never"/>
    <parameter key="notification_email" value=""/>
    <parameter key="process_duration_for_mail" value="30"/>
    <parameter key="encoding" value="SYSTEM"/>
    <process expanded="true">
      <operator activated="true" class="retrieve" compatibility="9.0.003" expanded="true" height="68" name="Retrieve gpa" width="90" x="112" y="85">
        <parameter key="repository_entry" value="//Local Repository/data/gpa"/>
      </operator>
      <operator activated="true" class="select_attributes" compatibility="9.0.003" expanded="true" height="82" name="Select Attributes" width="90" x="246" y="85">
        <parameter key="attribute_filter_type" value="subset"/>
        <parameter key="attribute" value=""/>
        <parameter key="attributes" value="age|gpa|major|status"/>
        <parameter key="use_except_expression" value="false"/>
        <parameter key="value_type" value="attribute_value"/>
        <parameter key="use_value_type_exception" value="false"/>
        <parameter key="except_value_type" value="time"/>
        <parameter key="block_type" value="attribute_block"/>
        <parameter key="use_block_type_exception" value="false"/>
        <parameter key="except_block_type" value="value_matrix_row_start"/>
        <parameter key="invert_selection" value="false"/>
        <parameter key="include_special_attributes" value="false"/>
      </operator>
      <operator activated="false" class="write_excel" compatibility="9.0.003" expanded="true" height="82" name="Write Excel" width="90" x="514" y="289">
        <parameter key="excel_file" value="D:\code stuff\data min\prac 2\filtered.xlsx"/>
        <parameter key="file_format" value="xlsx"/>
        <parameter key="encoding" value="SYSTEM"/>
        <parameter key="sheet_name" value="RapidMiner Data"/>
        <parameter key="date_format" value="yyyy-MM-dd HH:mm:ss"/>
        <parameter key="number_format" value="#.0"/>
      </operator>
      <operator activated="true" class="weka:W-Apriori" compatibility="7.3.000" expanded="true" height="68" name="W-Apriori" width="90" x="380" y="85">
        <parameter key="N" value="10.0"/>
        <parameter key="T" value="0.0"/>
        <parameter key="C" value="0.7"/>
        <parameter key="D" value="0.05"/>
        <parameter key="U" value="1.0"/>
        <parameter key="M" value="0.1"/>
        <parameter key="S" value="-1.0"/>
        <parameter key="I" value="false"/>
        <parameter key="R" value="false"/>
        <parameter key="V" value="false"/>
        <parameter key="A" value="false"/>
        <parameter key="c" value="-1.0"/>
      </operator>
      <connect from_op="Retrieve gpa" from_port="output" to_op="Select Attributes" to_port="example set input"/>
      <connect from_op="Select Attributes" from_port="example set output" to_op="W-Apriori" to_port="example set"/>
      <connect from_op="W-Apriori" from_port="associator" to_port="result 1"/>
      <portSpacing port="source_input 1" spacing="0"/>
      <portSpacing port="sink_result 1" spacing="0"/>
      <portSpacing port="sink_result 2" spacing="0"/>
    </process>
  </operator>
</process>
