<?xml version="1.0" encoding="UTF-8"?><process version="9.0.003">
  <context>
    <input/>
    <output/>
    <macros/>
  </context>
  <operator activated="true" class="process" compatibility="9.0.003" expanded="true" name="Process">
    <parameter key="logverbosity" value="init"/>
    <parameter key="random_seed" value="2001"/>
    <parameter key="send_mail" value="never"/>
    <parameter key="notification_email" value=""/>
    <parameter key="process_duration_for_mail" value="30"/>
    <parameter key="encoding" value="SYSTEM"/>
    <process expanded="true">
      <operator activated="true" class="retrieve" compatibility="9.0.003" expanded="true" height="68" name="Retrieve transactions" width="90" x="45" y="34">
        <parameter key="repository_entry" value="//Local Repository/data/transactions"/>
      </operator>
      <operator activated="true" class="select_attributes" compatibility="9.0.003" expanded="true" height="82" name="Select Attributes" width="90" x="179" y="34">
        <parameter key="attribute_filter_type" value="subset"/>
        <parameter key="attribute" value=""/>
        <parameter key="attributes" value="APPARTEMENT|AVERAGE|POOR|RICH|VILLA"/>
        <parameter key="use_except_expression" value="false"/>
        <parameter key="value_type" value="attribute_value"/>
        <parameter key="use_value_type_exception" value="false"/>
        <parameter key="except_value_type" value="time"/>
        <parameter key="block_type" value="attribute_block"/>
        <parameter key="use_block_type_exception" value="false"/>
        <parameter key="except_block_type" value="value_matrix_row_start"/>
        <parameter key="invert_selection" value="false"/>
        <parameter key="include_special_attributes" value="false"/>
      </operator>
      <operator activated="false" class="write_excel" compatibility="9.0.003" expanded="true" height="82" name="Write Excel" width="90" x="514" y="238">
        <parameter key="excel_file" value="D:\code stuff\data min\prac 2\filtered3.xlsx"/>
        <parameter key="file_format" value="xlsx"/>
        <parameter key="encoding" value="SYSTEM"/>
        <parameter key="sheet_name" value="RapidMiner Data"/>
        <parameter key="date_format" value="yyyy-MM-dd HH:mm:ss"/>
        <parameter key="number_format" value="#.0"/>
      </operator>
      <operator activated="true" class="concurrency:fp_growth" compatibility="9.0.003" expanded="true" height="82" name="FP-Growth" width="90" x="313" y="34">
        <parameter key="input_format" value="items in dummy coded columns"/>
        <parameter key="item_separators" value="|"/>
        <parameter key="use_quotes" value="false"/>
        <parameter key="quotes_character" value="&quot;"/>
        <parameter key="escape_character" value="\"/>
        <parameter key="trim_item_names" value="false"/>
        <parameter key="min_requirement" value="support"/>
        <parameter key="min_support" value="0.2"/>
        <parameter key="min_frequency" value="100"/>
        <parameter key="min_items_per_itemset" value="1"/>
        <parameter key="max_items_per_itemset" value="0"/>
        <parameter key="max_number_of_itemsets" value="1000000"/>
        <parameter key="find_min_number_of_itemsets" value="false"/>
        <parameter key="min_number_of_itemsets" value="100"/>
        <parameter key="max_number_of_retries" value="15"/>
        <parameter key="requirement_decrease_factor" value="0.9"/>
        <enumeration key="must_contain_list"/>
      </operator>
      <operator activated="true" class="create_association_rules" compatibility="9.0.003" expanded="true" height="82" name="Create Association Rules" width="90" x="447" y="34">
        <parameter key="criterion" value="confidence"/>
        <parameter key="min_confidence" value="0.59"/>
        <parameter key="min_criterion_value" value="0.8"/>
        <parameter key="gain_theta" value="2.0"/>
        <parameter key="laplace_k" value="1.0"/>
      </operator>
      <connect from_op="Retrieve transactions" from_port="output" to_op="Select Attributes" to_port="example set input"/>
      <connect from_op="Select Attributes" from_port="example set output" to_op="FP-Growth" to_port="example set"/>
      <connect from_op="FP-Growth" from_port="frequent sets" to_op="Create Association Rules" to_port="item sets"/>
      <connect from_op="Create Association Rules" from_port="rules" to_port="result 1"/>
      <portSpacing port="source_input 1" spacing="0"/>
      <portSpacing port="sink_result 1" spacing="0"/>
      <portSpacing port="sink_result 2" spacing="0"/>
    </process>
  </operator>
</process>
