{
 "name": "monkeys",
 "children": [
  {
   "name": "Prosimians",
   "children": [
    {
     "name": "Lemurs",
     "children": [
      {"name": "Lemurs"},
      {"name": "Roughed Lemurs"}
     ]
    },
    {
     "name": "Ubersims",
     "children": [
      {"name": "Aye-Ayes"},
      {"name": "Indris"}
     ]
   }]
  },
	{
   "name": "Hominids",
   "children": [
    {
     "name": "Great Apes",
     "children": [
      {"name": "Gorrillas"},
      {"name": "Orangutans"}
     ]
    },
    {
     "name": "Catarhines",
     "children": [
      {"name": "Baboons"},
      {"name": "Macaques"},
      {"name": "Madrills"}
     ]
   }]
  }]
}
