<?xml version="1.0" encoding="UTF-8"?><process version="9.0.003">
  <context>
    <input/>
    <output/>
    <macros/>
  </context>
  <operator activated="true" class="process" compatibility="9.0.003" expanded="true" name="Process">
    <parameter key="logverbosity" value="init"/>
    <parameter key="random_seed" value="2001"/>
    <parameter key="send_mail" value="never"/>
    <parameter key="notification_email" value=""/>
    <parameter key="process_duration_for_mail" value="30"/>
    <parameter key="encoding" value="SYSTEM"/>
    <process expanded="true">
      <operator activated="true" class="retrieve" compatibility="9.0.003" expanded="true" height="68" name="Retrieve Borrower" width="90" x="45" y="85">
        <parameter key="repository_entry" value="//Local Repository/data/Borrower"/>
      </operator>
      <operator activated="true" class="select_attributes" compatibility="9.0.003" expanded="true" height="82" name="Select Attributes" width="90" x="179" y="85">
        <parameter key="attribute_filter_type" value="subset"/>
        <parameter key="attribute" value=""/>
        <parameter key="attributes" value="Annual Income|Defaulted Borrower|Home Owner|Marital status"/>
        <parameter key="use_except_expression" value="false"/>
        <parameter key="value_type" value="attribute_value"/>
        <parameter key="use_value_type_exception" value="false"/>
        <parameter key="except_value_type" value="time"/>
        <parameter key="block_type" value="attribute_block"/>
        <parameter key="use_block_type_exception" value="false"/>
        <parameter key="except_block_type" value="value_matrix_row_start"/>
        <parameter key="invert_selection" value="false"/>
        <parameter key="include_special_attributes" value="false"/>
      </operator>
      <operator activated="true" class="set_role" compatibility="9.0.003" expanded="true" height="82" name="Set Role" width="90" x="313" y="85">
        <parameter key="attribute_name" value="Defaulted Borrower"/>
        <parameter key="target_role" value="prediction"/>
        <list key="set_additional_roles">
          <parameter key="Defaulted Borrower" value="label"/>
        </list>
      </operator>
      <operator activated="true" class="concurrency:parallel_decision_tree" compatibility="9.0.003" expanded="true" height="103" name="Decision Tree" width="90" x="447" y="85">
        <parameter key="criterion" value="gain_ratio"/>
        <parameter key="maximal_depth" value="20"/>
        <parameter key="apply_pruning" value="false"/>
        <parameter key="confidence" value="0.1"/>
        <parameter key="apply_prepruning" value="true"/>
        <parameter key="minimal_gain" value="0.1"/>
        <parameter key="minimal_leaf_size" value="2"/>
        <parameter key="minimal_size_for_split" value="2"/>
        <parameter key="number_of_prepruning_alternatives" value="0"/>
      </operator>
      <connect from_op="Retrieve Borrower" from_port="output" to_op="Select Attributes" to_port="example set input"/>
      <connect from_op="Select Attributes" from_port="example set output" to_op="Set Role" to_port="example set input"/>
      <connect from_op="Set Role" from_port="example set output" to_op="Decision Tree" to_port="training set"/>
      <connect from_op="Decision Tree" from_port="model" to_port="result 2"/>
      <connect from_op="Decision Tree" from_port="weights" to_port="result 1"/>
      <portSpacing port="source_input 1" spacing="0"/>
      <portSpacing port="sink_result 1" spacing="0"/>
      <portSpacing port="sink_result 2" spacing="0"/>
      <portSpacing port="sink_result 3" spacing="0"/>
    </process>
  </operator>
</process>
